INSERT INTO usuarios (id, nome, email, senha, celular, cpf, criado_em)
VALUES
(1, 'Breno Garcia', 'alexia96@example.net','td2Zp35g4!', '(084) 8081-6924', '817.432.695-28', 	NOW());

INSERT INTO usuarios(id, nome, email, senha, celular, cpf, criado_em)
VALUES
(2, 'Liam Barbosa', 'aragamaite@example.net', ')b82qDFCh1', '+55 31 6638-5493', '062.791.835-21', NOW());

INSERT INTO usuarios(id, nome, email, senha, celular, cpf, criado_em)
VALUES
(3, 'Brayan Ferreira', 'dsousa@example.com', 'noR9bDVpM(', '71 7271 5411', '563.871.204-62', NOW());

INSERT INTO usuarios(id, nome, email, senha, celular, cpf, criado_em)
VALUES
(4, 'Arthur Miguel Montenegro', 'luiz-otaviofreitas@example.net', '%I5ypQxQpw', '+55 11 9593 1624', '508.142.937-60', NOW());

INSERT INTO usuarios(id, nome, email, senha, celular, cpf, criado_em)
VALUES
(5, 'Cauã Pastor', 'ana-ceciliafarias@example.org', '@Dk12Wca_J', '0500-051-8206', '706.459.182-02', NOW());

INSERT INTO usuarios(id, nome, email, senha, celular, cpf, criado_em)
VALUES
(6, 'Sophia Albuquerque', 'apollofonseca@example.net', 'D´5K88WpiF', '(031) 6016-5695', '745.126.389-46', NOW());

INSERT INTO usuarios(id, nome,  email, senha, celular, cpf, criado_em)
VALUES
(7, 'Stella Nascimento', 'henry-gabrielmonteiro@example.org', 'p7_D@5qb_V', '+55 (081) 2803 7473', '526.431.780-17', NOW());

INSERT INTO usuarios(id, nome, email, senha, celular, cpf, criado_em)
VALUES
(8, 'João Guilherme Monteiro', 'rhavialmeida@example.com', 'm`U#zHEN$1', '(084) 7065 8106', '492.018.753-04', NOW());

INSERT INTO usuarios(id, nome, email, senha, celular, cpf, criado_em)
VALUES
(9, 'Sr. Gustavo Hrenrique Sales', 'isabel82@example.com', '(NRau1UJm(h', '(051) 9384 9974', '038. 674.295-29', NOW() ); 

INSERT INTO usuarios(id, nome, email, senha, celular, cpf, criado_em)
VALUES
(10, 'Thales Albuquerque', 'natalia12@example.com', '8+7qDkf7h', '0800-510-2185', '408.653.792-38', NOW());

INSERT INTO usuarios(id, nome, email, senha, celular, cpf, criado_em)
VALUES
(11, 'Giovanna Rios', 'fernand53@example.com.org', ')5IGo%InwW', '(051) 84649861', '842.367.905.56', NOW());

INSERT INTO usuarios(id, nome, email, senha, celular, cpf, criado_em)
VALUES
(12, 'Valentina Barbosa', 'camaraalexia@example.org', 'C#47Nurq%!', '51 5832 3509', '318.427.965-00', NOW());

INSERT INTO usuarios(id, nome, email, senha, celular, cpf, criado_em)
VALUES
(13, 'Valentim Brito', 'maya68@exxample.org', 'I2ulZzs@^Z', '0500 135 3507', '379.615.208-21', NOW());

INSERT INTO usuarios(id, nome, email, senha, celular, cpf, criado_em)
VALUES
(14, 'Diogo Ribeiro', 'abreusamuel@example.org', 'cw4Pqvgi(8', '(081) 6698 2752', '629.083.751-68', NOW());

INSERT INTO usuarios(id, nome, email, senha, celular, cpf, criado_em)
VALUES
(15, 'Arthur da Cunha', 'portobruna@example.net', '2eJHFMp^@3', '(041) 5259 7462', '052.846.391.89', NOW());

INSERT INTO usuarios(id, nome, email, senha, celular, cpf, criado_em)
VALUES
(16, 'Davi Lucas Araújo', 'eloah29@example.com', '%k+6VOZ@10', '84 6615 4842', '357.096.824-38', NOW());

INSERT INTO usuarios(id, nome, email, senha, celular, cpf, criado_em)
VALUES
(17, 'Diogo Vargas', 'bernardo68@example.org', 's@5Laq', '0300-406-2820', '387.496.152-46', NOW());

INSERT INTO usuarios(id, nome, email, senha, celular, cpf, criado_em)
VALUES	
(18, 'Maria Helena Viana', 'maria-alice77@example.net', 'd7Yus(Xy!h', '0500 180 9778', '015.938.762-03', NOW());

INSERT INTO usuarios(id, nome, email, senha, celular, cpf, criado_em)
VALUES
(19, 'Levi Moreira', 'calebcampos@example.com', 'b)3(Qj0TmU', '+55 (021) 1134 0001', '468.375.192-55', NOW());

INSERT INTO usuarios(id, nome, email, senha, celular, cpf, criado_em)
VALUES
(20, 'Helena Gomes', 'fviana@example.net', 'H$2Ux)h2xC', '61 9167-0558', '830.196.745-57', NOW());

INSERT INTO usuarios(id, nome, email, senha, celular, cpf, criado_em)
VALUES
(21, 'Kevin Montenegro', 'mendeslorena@example.org', 'OXUjcWcy(5', '41 8904 2994', '427.953.061-07', NOW());

INSERT INTO usuarios(id, nome, email, senha, celular, cpf, criado_em) 
VALUES
(22, 'Luna Pastor', 'ceciliacarvalho@example.org', '4_R371Wgq&', '(031) 1965-6865', '184.692.730-78', NOW());

INSERT INTO usuarios(id, nome, email, senha, celular, cpf, criado_em)
VALUES
(23, 'Dra. Lavínia das Neves', 'oda-mota@exemple.org', 'c^5Qf26_8n', '+55 (031) 4800 3477', '203.451.876-44', NOW());

INSERT INTO usuarios(id, nome, email, senha, celular, cpf, criado_em)
VALUES
(24, 'Pietra Caldeira', 'marcela81@example.net', '8meScbSs&4', '0500-330-3930', '049.527.631-61', NOW());

INSERT INTO usuarios(id, nome, email, senha, celular, cpf, criado_em)
VALUES
(25, 'Miguel da Cunha', 'vasconceloscaroline@example.org', '^3Mona*n$d', '+55 11 6129 8519', '572.190.483-60', NOW());

INSERT INTO usuarios(id, nome, email, senha, celular, cpf, criado_em)
VALUES
(26, 'Lucas Gabriel Leão', 'ypacheco@example.org', '*f4^Ycllih', '0800 150 6655', '136.204.798-87', NOW());

INSERT INTO usuarios(id, nome, email, senha, celular, cpf, criado_em)
VALUES
(27, 'Yasmin da Mata', 'cunhajoana@example.org', '035Cubt1x!', '(011) 9674 5124', '603. 927.548-00', NOW());

INSERT INTO usuarios(id, nome, email, senha, celular, cpf, criado_em)
VALUES
(28, 'Laís Lima', 'pimentabrenda@example.com', '@uNqyWQ634', '+55 41 6994-2949', '406.519.783-00', NOW());

INSERT INTO usuarios(id, nome, email, senha, celular, cpf, criado_em)
VALUES
(29, 'davi Luiz Borges', 'alanaaparecida@example.org', '^k3h6%bN9%', '+55 41 6994 2949', '406.519.783-00', NOW());

INSERT INTO usuarios(id, nome, email, senha, celular, cpf, criado_em)
VALUES
(30, 'Leandro Almeida', 'beniciomendes@example.net', 'D#B0UzATDh', '84 1893-8870', '076.432.851-44', NOW());

INSERT INTO enderecos(id, cliente_id, rua, numero, bairro, cidade, estado, cep)
VALUES
(1, 1, 'Colônia Rodrigo Mendes', '6774', 'Embaúbas', 'Ferreira', 'SC', '18944-467');

INSERT INTO enderecos(id, cliente_id, rua, numero, bairro, cidade, estado, cep)
VALUES
(2, 2, 'Campo Costa', '8986', 'Jardim Alvorada', 'da Conceição', 'Pi', '23171310');

INSERT INTO enderecos(id, cliente_id, rua, numero, bairro, cidade, estado, cep)
VALUES
(3, 3, 'Recanto Maria Luísa Marques', '2645', 'Eymard', 'Rocha', 'AP', '70493-924');

INSERT INTO enderecos(id, cliente_id, rua, numero, bairro, cidade, estado, cep)
VALUES
(4, 4, 'Rodovia de Casa Grande', '573', 'Distrito Industrial Do Jatoba', 'Almeida', 'RO', '71542-894');

INSERT INTO enderecos(id, cliente_id, rua, numero, bairro, cidade, estado, cep)
VALUES
(5, 5, 'Alameda Viana', '1251', 'Mangueiras', 'da Cruz', 'PI', '70803966');

INSERT INTO enderecos(id, cliente_id, rua, numero, bairro, cidade, estado, cep)
VALUES
(6, 6, 'Passarela da Conceição', '4842', 'Vila Boa Vista', 'Cunha do Dourados', 'TO', '49770-926');

INSERT INTO enderecos(id, cliente_id, rua, numero, bairro, cidade, estado, cep)
VALUES
(7, 7, 'Rua Gomes', '5214', 'Novo Ouro Preto', 'Araujo', 'DF', '10827-869');

INSERT INTO enderecos(id, cliente_id, rua, numero, bairro, cidade, estado, cep)
VALUES
(8, 8, 'Quadra de Silveira', '4420', 'Sao Marcos', 'Siqueira', 'SP', '90132-551');

INSERT INTO enderecos(id, cliente_id, rua, numero, bairro, cidade, estado, cep)
VALUES
(9, 9, 'Condominio Castro', '3400', 'Minas Brasil', 'Moura', 'PB', '81642931');

INSERT INTO enderecos(id, cliente_id, rua, numero, bairro, cidade, estado, cep)
VALUES
(10, 10, 'Recanto Araujo', '9068', 'Santa Margarida', 'Ramos', 'SC', '9005545');

INSERT INTO enderecos(id, cliente_id, rua, numero, bairro, cidade, estado, cep)
VALUES
(11, 11, 'Aeroporto Asafe Marques', '8622', 'Jardim Alvorada', 'Cavalcante de Rezende', 'AL', '40545901');

INSERT INTO enderecos(id, cliente_id, rua, numero, bairro, cidade, estado, cep)
VALUES
(12, 12, 'Recanto de Pimenta', '7841', 'Marieta 1ª Seção', 'da Costa', 'AM', '39302-845');

INSERT INTO enderecos(id, cliente_id, rua, numero, bairro, cidade, estado, cep)
VALUES
(13, 13, 'Condominio Davi Lucca Camargo', '9520', 'Ademar Maldonado', 'Silva das Flores', 'PI', '31007-405');

INSERT INTO enderecos(id, cliente_id, rua, numero, bairro, cidade, estado, cep)
VALUES
(14, 14, 'Distrito Caldeira', '1461', 'Vila Independencia 2ª Seção', 'Barbosa', 'MT', '35653-821');

INSERT INTO enderecos(id, cliente_id, rua, numero, bairro, cidade, estado, cep)
VALUES
(15, 15, 'Residencial Dias', '8818', 'Vale Do Jatoba', 'Souza', 'SE', '23141922');

INSERT INTO enderecos(id, cliente_id, rua, numero, bairro, cidade, estado, cep)
VALUES
(16, 16, 'Ladeira de da Cunha', '663', 'Jardim Do Vale', 'Camargo', 'GO', '70202922');

INSERT INTO enderecos(id, cliente_id, rua, numero, bairro, cidade, estado, cep)
VALUES
(17, 17, 'Vale Anthony Gabriel Fonseca', '3442', 'João Paulo Ii', 'Garcia dos Dourados', 'PA', '33112-332');

INSERT INTO enderecos(id, cliente_id, rua, numero, bairro, cidade, estado, cep)
VALUES
(18, 18, 'Setor de Melo', '6598', 'Alto Dos Pinheiros', 'Porto de Goias', 'ES', '69153076');

INSERT INTO enderecos(id, cliente_id, rua, numero, bairro, cidade, estado, cep)
VALUES
(19, 19, 'Fazenda Silva', '2485', 'Sao Damiao', 'Borges', 'RO', '72931233');

INSERT INTO enderecos(id, cliente_id, rua, numero, bairro, cidade, estado, cep)
VALUES
(20, 20, 'Estacao Diogo Farias', '8081', 'Aguas Claras', 'Camara', 'AP', '34107-701');

INSERT INTO enderecos(id, cliente_id, rua, numero, bairro, cidade, estado, cep)
VALUES
(21, 21, 'Morro de Campos', '8038', 'Vila Cloris', 'Camargo', 'RN', '25134058');

INSERT INTO enderecos(id, cliente_id, rua, numero, bairro, cidade, estado, cep)
VALUES
(22, 22, 'Largo Davi Barros', '51', 'Etelvina Carneiro', 'Costela', 'SE', '42269-092');

INSERT INTO enderecos(id, cliente_id, rua, numero, bairro, cidade, estado, cep)
VALUES
(23, 23, 'Vila de Pacheco', '9854', 'Sao Lucas', 'Rodrigues', 'MT', '44976500');

INSERT INTO enderecos(id, cliente_id, rua, numero, bairro, cidade, estado, cep)
VALUES
(24, 24, 'Passarela Oliveira', '9669', 'Vila Antena', 'Barbosa', 'PI', '68681-824');

INSERT INTO enderecos(id, cliente_id, rua, numero, bairro, cidade, estado, cep)
VALUES
(25, 25, 'Chacara de da Mota', '1327', 'Sao Gabriel', 'Cirino Grande', 'AM', ' 48510-279');

INSERT INTO enderecos(id, cliente_id, rua, numero, bairro, cidade, estado, cep)
VALUES
(26, 26, 'Travessa Jose Miguel Melo', '439', 'Estrela', 'Moreira das Flores', 'MA', '04000888');

INSERT INTO enderecos(id, cliente_id, rua, numero, bairro, cidade, estado, cep)
VALUES
(27, 27, 'Aeroporto de Teixeira', '3971', 'Alcaiaca', 'Teixeira', 'PB', '25973800');

INSERT INTO enderecos(id, cliente_id, rua, numero, bairro, cidade, estado, cep)
VALUES
(28, 28, 'Alameda de Farias', '4596', 'Sao Bento', 'Fogaca', 'PI', '60487206');

INSERT INTO enderecos(id, cliente_id, rua, numero, bairro, cidade, estado, cep)
VALUES
(29, 29, 'Estacao da Costa', '9950', 'Vila Paraiso', 'Sa', 'BA', '83837225');

INSERT INTO enderecos(id, cliente_id, rua, numero, bairro, cidade, estado, cep)
VALUES
(30, 30, 'Morro Ayla Sales', '1627', 'Cidade Jardim', 'Cassiano Paulista', 'RO', '90962671');

INSERT INTO categorias(id, nome, descricao)
VALUES
(1, 'Roupas', 'Categoria de roupas');

INSERT INTO categorias(id, nome, descricao)
VALUES
(2, 'Esportes', 'Categoria de esportes');

INSERT INTO categorias(id, nome, descricao)
VALUES
(3, 'Livros', 'Categoria de esportes');

INSERT INTO categorias(id, nome, descricao)
VALUES
(4, 'Roupas', 'Categoria de roupas');

INSERT INTO categorias(id, nome, descricao)
VALUES
(5, 'Roupas', 'Categoria de roupas');

INSERT INTO categorias(id, nome, descricao)
VALUES
(6, 'Roupas', 'Categoria de roupas');

INSERT INTO categorias(id, nome, descricao)
VALUES
(7, 'Livros', 'Categoria de livros');

INSERT INTO categorias(id, nome, descricao)
VALUES
(8, 'Roupas', 'Categoria de roupas');

INSERT INTO categorias(id, nome, descricao)
VALUES
(9, 'Esportes', 'Categoria de esportes');

INSERT INTO categorias(id, nome, descricao)
VALUES
(10, 'Roupas', 'Categoria de roupas');

INSERT INTO categorias(id, nome, descricao)
VALUES
(11, 'Roupas', 'Categoria de roupas');

INSERT INTO categorias(id, nome, descricao)
VALUES
(12, 'Eletronicos', 'Categoria de eletronicos');

INSERT INTO categorias(id, nome, descricao)
VALUES
(13, 'Eletronicos', 'Categoria de eletronicos');

INSERT INTO categorias(id, nome, descricao)
VALUES
(14, 'Eletronicos', 'Categoria de eletronicos');

INSERT INTO categorias(id, nome, descricao)
VALUES
(15, 'Livros', 'Categoria de livros');

INSERT INTO categorias(id, nome, descricao)
VALUES
(16, 'Eletronicos', 'Categoria de eletronicos');

INSERT INTO categorias(id, nome, descricao)
VALUES
(17, 'Livros', 'Categoria de livros');

INSERT INTO categorias(id, nome, descricao)
VALUES
(18, 'Eletronicos', 'Categoria de eletronicos');

INSERT INTO categorias(id, nome, descricao)
VALUES
(19, 'Eletronicos', 'Categoria de eletronicos');

INSERT INTO categorias(id, nome, descricao)
VALUES
(20, 'Eletronicos', 'Categoria de eletronicos');

INSERT INTO categorias(id, nome, descricao)
VALUES
(21, 'Esportes', 'Categoria de esportes');

INSERT INTO categorias(id, nome, descricao)
VALUES
(22, 'Eletronicos', 'Categoria de eletronicos');

INSERT INTO categorias(id, nome, descricao)
VALUES
(23, 'Eletronicos', 'Categoria de eletronicos');

INSERT INTO categorias(id, nome, descricao)
VALUES
(24, 'Eletronicos', 'Categoria de eletronicos');

INSERT INTO categorias(id, nome, descricao)
VALUES
(25, 'Brinquedos', 'Categoria de brinquedos');

INSERT INTO categorias(id, nome, descricao)
VALUES
(26, 'Eletronicos', 'Categoria de eletronicos');

INSERT INTO categorias(id, nome, descricao)
VALUES
(27, 'Roupas', 'Categoria de roupas');

INSERT INTO categorias(id, nome, descricao)
VALUES
(28, 'Brinquedos', 'Categoria de brinquedos');

INSERT INTO categorias(id, nome, descricao)
VALUES
(29, 'Livros', 'Categoria de livros');

INSERT INTO categorias(id, nome, descricao)
VALUES
(30, 'Esportes', 'Categoria de esportes');

INSERT INTO produtos(id, nome, descricao, preco, estoque, categoria_id)
VALUES
(1, 'Blanditiis', 'Earum consectetur ut adipisci', 291.33, 62, 3);

INSERT INTO produtos(id, nome, descricao, preco, estoque, categoria_id)
VALUES
(2, 'Culpa', 'Iure asperiores cupidiate et maiores possimus.', 813.1, 39, 4);

INSERT INTO produtos(id, nome, descricao, preco, estoque, categoria_id)
VALUES
(3, 'Ipsum', 'Recusandae vel saepe doloribus et.', 734.41, 80, 3);

INSERT INTO produtos(id, nome, descricao, preco, estoque, categoria_id)
VALUES
(4, 'Cum', 'Nostrum incidunt maiores.', 715.79, 15, 5);

INSERT INTO produtos(id, nome, descricao, preco, estoque, categoria_id)
VALUES
(5, 'Vel', 'Placeat veniam enim.', 628,13, 58, 5);

INSERT INTO produtos(id, nome, descricao, preco, estoque, categoria_id)
VALUES
(6, 'Recusandae', 'Deleniti distinctio neque sit assumenda dolore natus sit.', 370,25, 45, 1);

INSERT INTO produtos(id, nome, descricao, preco, estoque, categoria_id)
VALUES
(7, 'Asperiores', 'Dolor modi omnis maiores alias.', 226.26, 7, 4);

INSERT INTO produtos(id, nome, descricao, preco, estoque, categoria_id)
VALUES
(8, 'Ipsam', 'Cumque assumenda excepturi at.', 837.26, 27, 4);

INSERT INTO produtos(id, nome, descricao, preco, estoque, categoria_id)
VALUES
(9, 'Vero', 'Adipisci sequi laboriosam nostrum resusandae ipsum ducimus pariatur.', 989.6, 3, 2);

INSERT INTO produtos(id, nome, descricao, preco, estoque, categoria_id)
VALUES
(10, 'Aliquam', 'Id fugit nam nulla animi occaecati.', 30.71, 7, 3);

INSERT INTO produtos(id, nome, descricao, preco, estoque, categoria_id)
VALUES
(11, 'Sequi', 'Corrupti itaque labore necessitatibus maxime id.', 430.21, 77, 3);

INSERT INTO produtos(id, nome, descricao, preco, estoque, categoria_id)
VALUES
(12, 'Consequatur', 'Dicta alias ipsa hic numquam.', 262.96, 57, 4);

INSERT INTO produtos(id, nome,descricao, preco, estoque, categoria_id)
VALUES
(13, 'Error', 'Tempora harum sunt veniam pariatur ut quaerat.', 409.99, 89, 5);

INSERT INTO produtos(id, nome, descricao, preco, estoque, categoria_id)
VALUES
(14, 'Dignissimos', 'Reprehenderit aliquid dignissimos eos debitis provident corrupti.', 240.34, 2, 2);

INSERT INTO produtos(id, nome, descricao, preco, estoque, categoria_id)
VALUES
(15, 'Cumque', 'Saepe dolor nobis assumenda officia.', 35.03, 71, 1);

INSERT INTO produtos(id, nome, descricao, preco, estoque, categoria_id)
VALUES
(16, 'In', 'Occaecati suscipit eum id assumenda nemo.', 261.35, 21, 4);

INSERT INTO produtos(id, nome, descricao, preco, estoque, categoria_id)
VALUES
(17, 'Doloremque', 'Error dolore maxime distinctio minus optio.', 415.93, 70, 2);

INSERT INTO produtos(id, nome, descricao, preco, estoque, categoria_id)
VALUES
(18, 'Dolorem', 'Numquam erro placeat repellendus reiciendis nam odio.', 107.83, 70, 4);

INSERT INTO produtos(id, nome, descricao, preco, estoque, categoria_id)
VALUES
(19, 'Corrupti', 'Atque itaque ipsa totam consectetur alias.', 402.05, 49, 4);

INSERT INTO produtos(id, nome, descricao, preco, estoque, categoria_id)
VALUES
(20, 'Natus', 'Molestias optio libero quae nostrum cum eveniet.', 836.2, 51, 4);

INSERT INTO produtos(id, nome, descricao, preco, estoque, categoria_id)
VALUES
(21, 'Doloremque', 'Excepturi ullam assumenda eaque.', 856.47, 75, 1);

INSERT INTO produtos(id, nome, descricao, preco, estoque, categoria_id)
VALUES
(22, 'Distinctio', 'Exercitationem consequuntur incidunt deserunt voluptatibus quasi provident.', 37.5, 88, 5);

INSERT INTO produtos(id, nome, descricao, preco, estoque, categoria_id)
VALUES
(23, 'Eligendi', 'Amet asperiores inventore adisci.',  667.17, 43, 2);

INSERT INTO produtos(id, nome, descricao, preco, estoque, categoria_id)
VALUES
(24, 'Facere', 'Maxime commodi ad nam tenetur nobis.', 305.24, 78, 4);

INSERT INTO produtos(id, nome, descricao, preco, estoque, categoria_id)
VALUES
(25, 'Laborum', 'Saepe accusamus reoellendus eligendi ullam deleniti minima.', 289.29, 19, 1);

INSERT INTO produtos(id, nome, descricao, preco, estoque, categoria_id)
VALUES
(26, 'Ab', 'Nostrum vel harum eius sed.', 383.87, 33, 2);

INSERT INTO produtos(id, nome, descricao, preco, estoque, categoria_id)
VALUES
(27, 'Occaecati', 'Corrupti expedita ea minima,', 951.24, 63, 4);

INSERT INTO produtos(id, nome, descricao, preco, estoque, categoria_id)
VALUES
(28, 'Dolorum', 'Ducimus eos vitae debitis iusto possimus nesciunt architecto.', 800.57, 61, 5);

INSERT INTO produtos(id, nome, descricao, preco, estoque, categoria_id)
VALUES
(29, 'Provident', 'Quam eaque error modi dolores expedita totam.', 465.19, 0, 5);

INSERT INTO produtos(id, nome, descricao, preco, estoque, categoria_id)
VALUES
(30, 'Ratione', 'Fuga illum nisi optio veniam soluta', 65.21, 27, 4);

INSERT INTO pedidos(id, cliente_id, data_pedido, status, total)
VALUES
(1, 11, NOW(), 'Cancelado', 905.56);

INSERT INTO	pedidos(id, cliente_id, data_pedido, status, total)
VALUES
(2, 10, NOW(), 'Cancelado', 598.56);

INSERT INTO pedidos(id, cliente_id, data_pedido, status, total)
VALUES
(3, 10, NOW(), 'Pago', 886.63);

INSERT INTO pedidos(id, cliente_id, data_pedido, status, total)
VALUES
(4, 2, NOW(), 'Enviado', 1035.27);

INSERT INTO pedidos(id, cliente_id, data_pedido, status, total)
VALUES
(5, 25, NOW(), 'Enviado', 277.5);

INSERT INTO pedidos(id, cliente_id, data_pedido, status, total)
VALUES
(6, 5, NOW(), 'Pago', 382.46);

INSERT INTO pedidos(id, cliente_id, data_pedido, status, total)
VALUES
(7, 14, NOW(), 'Pago', 1920.37);

INSERT INTO pedidos(id, cliente_id, data_pedido, status, total)
VALUES
(8, 16, NOW(), 'Enviado', 1434.43);

INSERT INTO pedidos(id, cliente_id, data_pedido, status, total)
VALUES
(9, 5, NOW(), 'Cancelado', 496.18);

INSERT INTO pedidos(id, cliente_id, data_pedido, status, total)
VALUES
(10, 29, NOW(), 'Enviado', 446.04);

INSERT INTO pedidos(id, cliente_id, data_pedido, status, total)
VALUES
(11, 3, NOW(), 'Pendente', 1753.79);

INSERT INTO pedidos(id, cliente_id, data_pedido, status, total)
VALUES
(12, 5, NOW(), 'Enviado', 1660.6);

INSERT INTO pedidos(id, cliente_id, data_pedido, status, total)
VALUES
(13, 19, NOW(), 'Pago', 1368.96);

INSERT INTO pedidos(id, cliente_id, data_pedido, status, total)
VALUES
(14, 30, NOW(), 'Cancelado', 1617.92);

INSERT INTO pedidos(id, cliente_id, data_pedido, status, total)
VALUES
(15, 15, NOW(), 'Cancelado', 264.76);

INSERT INTO pedidos(id, cliente_id, data_pedido, status, total)
VALUES
(16, 23, NOW(), 'Enviado', 1837.31);

INSERT INTO pedidos(id, cliente_id, data_pedido, status, total)
VALUES
(17, 17, NOW(), 'Pendente', 1349,9);

INSERT INTO pedidos(id, cliente_id, data_pedido, status, total)
VALUES
(18, 28, NOW(), 'Pendente', 428.79);

INSERT INTO pedidos(id, cliente_id, data_pedido, status, total)
VALUES
(19, 2, NOW(), 'Pago', 1355.04);

INSERT INTO pedidos(id, cliente_id, data_pedido, status, total)
VALUES
(20, 14, NOW(), 'Pendente', 516.55);

INSERT INTO pedidos(id, cliente_id, data_pedido, status, total)
VALUES
(21, 8, NOW(), 'Pago', 150.22);

INSERT INTO pedidos(id, cliente_id, data_pedido, status, total)
VALUES
(22, 17, NOW(), 'Enviado', 180.61);

INSERT INTO pedidos(id, cliente_id, data_pedido, status, total)
VALUES
(23, 24, NOW(), 'Enviado', 1046.39);

INSERT INTO pedidos(id, cliente_id, data_pedido, status, total)
VALUES
(24, 10, NOW(), 'Enviado', 1975.38);

INSERT INTO pedidos(id, cliente_id, data_pedido, status, total)
VALUES
(25, 12, NOW(), 'Cancelado', 542.86);

INSERT INTO pedidos(id, cliente_id, data_pedido, status, total)
VALUES
(26, 6, NOW(), 'Enviado', 496.28);

INSERT INTO pedids(id, cliente_id, data_pedido, status, total)
VALUES
(27, 25, NOW(), 'Enviado', 1806.96);

INSERT INTO pedidos(id, cliente_id, data_pedido, status, total)
VALUES
(28, 13, NOW(), 'Pendente', 1663.17);

INSERT INTO pedidos(id, cliente_id, data_pedido, status, total)
VALUES
(29, 11, NOW(), 'Enviado', 945.72);

INSERT INTO pedidos(id, cliente_id, data_pedido, status, total)
VALUES
(30, 29, NOW(), 'Pendente', 1646.93);

INSERT INTO itens_pedido(id, pedido_id, produto_id, quantidade, preco_unitario)
VALUES
(1, 1, 7, 3, 12.97);

INSERT INTO itens_pedido(id, pedido_id, produto_id, quantidade, preco_unitario)
VALUES
(2, 2, 26, 1, 321.53);

INSERT INTO itens_pedido(id, pedido_id, produto_id, quantidade, preco_unitario)
VALUES
(3, 3, 18, 5, 186.05);

INSERT INTO itens_pedido(id, pedido_id, quantidade, preco_unitario)
VALUES
(4, 4, 24, 5, 345.67);

INSERT INTO itens_pedido(id, pedido_id, quantidade, preco_unitario)
VALUES
(5, 5, 15, 2, 477.32);

INSERT INTO itens_pedido(id, pedido_id, quantidade, preco_unitario)
VALUES
(6, 6, 14, 1, 63.44);

INSERT INTO itens_pedido(id, pedido_id, quantidade, preco_unitario)
VALUES
(7, 7, 20, 3, 302.83);

INSERT INTO itens_pedido(id, pedido_id, quantidade, preco_unitario)
VALUES
(8, 8, 21, 1, 174.41);

INSERT INTO itens_pedido(id, pedido_id, quantidade, preco_unitario)
VALUES
(9, 9, 1, 1, 330.07);

INSERT INTO itens_pedido(id, pedido_id, quantidade, preco_unitario)
VALUES
(10, 10, 29, 1, 189.62);

INSERT INTO itens_pedido(id, pedido_id, quantidade, preco_unitario)
VALUES
(11, 11, 12, 2, 375.75);

INSERT INTO itens_pedido(id, pedido_id, quantidade, preco_unitario)
VALUES
(12, 12, 12, 2, 69.62);

INSERT INTO itens_pedido(id, pedido_id, quantidade, preco_unitario)
VALUES
(13, 13, 16, 3, 377.08);

INSERT INTO itens_pedido(id, pedido_id, quantidade, preco_unitario)
VALUES
(14, 14, 15, 3, 269.4);

INSERT INTO itens_pedido(id, pedido_id, quantidade, preco_unitario)
VALUES
(15, 15, 18, 1, 428.92);

INSERT INTO itens_pedido(id, pedido_id, produto_id, quantidade, preco_unitario)
VALUES
(16, 16, 4, 3, 98.72);

INSERT INTO itens_pedido(id, pedido_id, produto_id, quantidade, preco_unitario)
VALUES
(17, 17, 3, 1, 353.02);

INSERT INTO itens_pedido(id, pedido_id, produto_id, quantidade, preco_unitario)
VALUES
(18, 18, 21, 5, 123.72);

INSERT INTO itens_pedido(id, pedido_id, produto_id, quantidade, preco_unitario)
VALUES
(19, 19, 14, 2, 404.81);

INSERT INTO itens_pedido(id, pedido_id, produto_id, quantidade, preco_unitario)
VALUES
(20, 20, 4, 1, 143.73);

INSERT INTO itens_pedido(id, pedido_id, produto_id, quantidade, preco_unitario)
VALUES
(21, 21, 22, 1, 424.38);

INSERT INTO itens_pedido(id, pedido_id, produto_id, quantidade, preco_unitario)
VALUES
(22, 22, 2, 2, 132.86);

INSERT INTO itens_pedido(id, pedido_id, produto_id, quantidade, preco_unitario)
VALUES
(23, 23, 28, 4, 131.85);

INSERT INTO itens_pedido(id, pedido_id, produto_id, quantidade, preco_unitario)
VALUES
(24, 24, 15, 2, 328.23);

INSERT INTO itens_pedido(id, pedido_id, produto_id, quantidade, preco_unitario)
VALUES
(25, 25, 8, 1, 127.88);

INSERT INTO itens_pedido(id, pedido_id, produto_id, quantidade, preco_unitario)
VALUES
(26, 26, 27, 2, 71.17);

INSERT INTO itens_pedido(id, pedido_id, produto_id, quantidade, preco_unitario)
VALUES
(27, 27, 22, 4, 438.16);

INSERT INTO itens_pedido(id, pedido_id, produto_id, quantidade, preco_unitario)
VALUES
(28, 28, 19, 3, 10.52);

INSERT INTO itens_pedido(id, pedido_id, produto_id, quantidade, preco_unitario)
VALUES
(29, 29, 21, 1, 61.99);

INSERT INTO itens_pedido(id, pedido_id, produto_id, quantidade, preco_unitario)
VALUES
(30, 30, 5, 4, 422.43);
